{"cameraMode":{"drawMode":0,"name":"Shaded","section":"Shading Mode"},"sceneLighting":true,"audioPlay":false,"sceneViewState":{"m_AlwaysRefresh":false,"showFog":true,"showSkybox":true,"showFlares":true,"showImageEffects":true,"showParticleSystems":true,"showVisualEffectGraphs":true,"m_FxEnabled":true},"in2DMode":false,"pivot":{"x":-0.41472870111465456,"y":-0.32066240906715395,"z":-0.6303234100341797},"rotation":{"x":-0.01499426644295454,"y":0.026095887646079065,"z":0.0003914073167834431,"w":0.9995448589324951},"size":6.785233020782471,"orthographic":true}