{"cameraMode":{"drawMode":0,"name":"Shaded","section":"Shading Mode"},"sceneLighting":false,"audioPlay":false,"sceneViewState":{"m_AlwaysRefresh":false,"showFog":true,"showSkybox":true,"showFlares":true,"showImageEffects":true,"showParticleSystems":true,"showVisualEffectGraphs":true,"m_FxEnabled":true},"in2DMode":false,"pivot":{"x":0.15799999237060548,"y":0.6236984729766846,"z":0.5849716663360596},"rotation":{"x":0.025211313739418985,"y":-0.1493898183107376,"z":0.0038097368087619545,"w":0.9884507656097412},"size":11.026124954223633,"orthographic":true}